{"stats":{"minecraft:killed":{"takesapillage:archer":1},"minecraft:used":{"mysticalworld:cactus_sword":27},"minecraft:picked_up":{"byg:meadow_dirt":7,"minecraft:arrow":1,"minecraft:birch_fence":1,"simplefarming:cantaloupe_seeds":1,"minecraft:wheat_seeds":1,"mysticalworld:aubergine_seeds":2,"minecraft:gravel":5,"minecraft:flint":1,"simplefarming:rye_seeds":1,"minecraft:soul_torch":1,"minecraft:emerald":1,"minecraft:light_gray_wool":1,"minecraft:gunpowder":2,"minecraft:string":1,"minecraft:white_wool":4,"minecraft:cobblestone":2,"simplefarming:spinach_seeds":1},"minecraft:mined":{"byg:meadow_grass_block":1,"minecraft:grass":2,"projectvibrantjourneys:short_grass":1,"byg:meadow_dirt":2},"minecraft:custom":{"minecraft:time_since_rest":5583,"minecraft:crouch_one_cm":1,"minecraft:play_one_minute":5583,"minecraft:damage_taken":156,"minecraft:sprint_one_cm":20392,"minecraft:walk_one_cm":20170,"minecraft:sneak_time":31,"minecraft:walk_under_water_one_cm":24,"minecraft:mob_kills":1,"minecraft:jump":98,"tombstone:raider_killed":1,"minecraft:damage_dealt":337,"minecraft:leave_game":1,"minecraft:time_since_death":5583,"minecraft:walk_on_water_one_cm":668,"minecraft:interact_with_crafting_table":1,"minecraft:swim_one_cm":1151,"minecraft:fall_one_cm":1163,"minecraft:fly_one_cm":18963}},"DataVersion":2586}