{"stats":{"minecraft:killed_by":{"minecraft:zombie":2,"eidolon:wraith":1,"greekfantasy:minotaur":1},"minecraft:killed":{"minecraft:spider":1,"minecraft:skeleton":1,"eidolon:wraith":1,"minecraft:zombie":3,"minecraft:silverfish":2},"minecraft:used":{"minecraft:stone_pickaxe":100,"minecraft:wooden_pickaxe":39,"simplefarming:strawberries":10,"minecraft:torch":83,"minecraft:dirt":4,"minecraft:crafting_table":2,"simplefarming:blackberries":8,"minecraft:wooden_axe":15,"minecraft:apple":3,"minecraft:bread":7,"spartanshields:shield_basic_wood":8,"mysticalworld:cactus_sword":79,"tombstone:gift":4},"minecraft:picked_up":{"minecraft:wooden_axe":1,"minecraft:birch_log":19,"minecraft:lime_bed":1,"minecraft:crafting_table":1,"minecraft:enchanted_book":4,"minecraft:dirt":17,"ars_nouveau:mana_gem":3,"minecraft:bone":2,"minecraft:apple":1,"mysticalworld:cactus_sword":2,"minecraft:cracked_stone_bricks":2,"minecraft:wheat_seeds":1,"minecraft:iron_ore":23,"quark:black_shard":8,"quark:root_item":2,"minecraft:birch_sapling":4,"minecraft:stick":3,"minecraft:jukebox":1,"projectvibrantjourneys:bark_mushroom":2,"kubejs:copper_coin":1,"minecraft:torch":5,"tombstone:grave_dust":1,"minecraft:leather_helmet":1,"minecraft:spider_eye":1,"simplefarming:blackberries":11,"eidolon:tattered_cloth":2,"minecraft:rotten_flesh":2,"simplefarming:pepper_seeds":1,"mysticalworld:aubergine_seeds":1,"simplefarming:strawberries":14,"minecraft:golden_apple":2,"minecraft:bread":1,"minecraft:iron_bars":6,"minecraft:coal":71,"minecraft:cobblestone":26},"minecraft:mined":{"supplementaries:book_pile":2,"mysticalworld:copper_ore":1,"minecraft:crafting_table":1,"minecraft:torch":3,"minecraft:grass_block":6,"minecraft:tall_grass":1,"betterdefaultbiomes:short_grass":1,"minecraft:wall_torch":3,"minecraft:lime_bed":1,"betterdefaultbiomes:dead_grass":1,"minecraft:black_stained_glass":2,"minecraft:birch_log":20,"minecraft:iron_ore":26,"minecraft:jukebox":1,"byg:short_grass":1,"minecraft:birch_leaves":2,"minecraft:grass":2,"minecraft:coal_ore":71,"projectvibrantjourneys:short_grass":1,"minecraft:iron_bars":6,"minecraft:dirt":4,"minecraft:cracked_stone_bricks":2,"ars_nouveau:arcane_ore":3,"minecraft:stone":26,"quark:root":1},"minecraft:crafted":{"minecraft:crafting_table":2,"minecraft:wooden_pickaxe":1,"minecraft:birch_planks":76,"minecraft:stick":32,"minecraft:stone_pickaxe":1,"minecraft:wooden_axe":1,"minecraft:torch":88},"minecraft:dropped":{"minecraft:enchanted_book":1,"minecraft:bread":1,"akashictome:tome":1,"kubejs:copper_coin":1,"spartanshields:shield_basic_wood":1,"titles:title_scroll_common":1,"minecraft:potato":12,"minecraft:shield":1,"mysticalworld:cactus_sword":3,"minecraft:leather_boots":1,"simplefarming:strawberries":4,"tombstone:grave_dust":1,"minecraft:potion":1,"minecraft:leather_leggings":1,"minecraft:spider_eye":1},"minecraft:custom":{"minecraft:interact_with_smithing_table":1,"minecraft:interact_with_furnace":1,"lootr:looted_stat":9,"minecraft:mob_kills":6,"minecraft:interact_with_crafting_table":6,"minecraft:open_barrel":3,"minecraft:play_one_minute":45817,"minecraft:time_since_death":6939,"minecraft:sleep_in_bed":1,"minecraft:time_since_rest":3110,"minecraft:sprint_one_cm":137670,"minecraft:walk_one_cm":180783,"minecraft:damage_taken":1945,"minecraft:damage_blocked_by_shield":74,"minecraft:drop":20,"minecraft:damage_dealt":1582,"tombstone:cast_on_ally":1,"minecraft:talked_to_villager":2,"minecraft:fly_one_cm":104771,"minecraft:player_kills":1,"minecraft:open_chest":1,"minecraft:crouch_one_cm":1100,"tombstone:undead_killed":5,"minecraft:deaths":4,"minecraft:sneak_time":538,"tombstone:tomb_raiding":1,"minecraft:jump":531,"minecraft:walk_on_water_one_cm":967,"minecraft:fall_one_cm":15445}},"DataVersion":2586}