{"stats":{"minecraft:killed_by":{"minecraft:skeleton":1,"minecraft:creeper":1,"minecraft:zombie":1,"eidolon:wraith":1,"greekfantasy:minotaur":1,"minecraft:magma_cube":1},"minecraft:killed":{"minecraft:magma_cube":1,"alexsmobs:raccoon":1,"minecraft:spider":5,"minecraft:skeleton":6,"minecraft:zombie":2,"greekfantasy:baby_spider":1},"minecraft:broken":{"minecraft:wooden_sword":1,"mysticalworld:cactus_sword":1},"minecraft:used":{"minecraft:stone_pickaxe":16,"minecraft:shield":4,"minecraft:torch":4,"minecraft:dirt":14,"minecraft:crafting_table":3,"minecraft:carrot":8,"minecraft:apple":5,"minecraft:melon_slice":3,"minecraft:bread":2,"betterdefaultbiomes:small_rock_stone":2,"minecraft:stone_bricks":14,"spartanshields:shield_basic_wood":4,"minecraft:wooden_sword":83,"minecraft:bow":4,"mysticalworld:cactus_sword":73},"minecraft:picked_up":{"minecraft:birch_log":16,"minecraft:crafting_table":1,"minecraft:lilac":1,"minecraft:leather":2,"greekfantasy:web_ball":1,"minecraft:enchanted_book":3,"minecraft:shield":1,"minecraft:dirt":17,"minecraft:string":7,"minecraft:bone":6,"minecraft:bow":2,"minecraft:wheat_seeds":1,"minecraft:iron_ore":8,"minecraft:birch_sapling":1,"byg:azalea":1,"projectvibrantjourneys:bark_mushroom":3,"kubejs:copper_coin":1,"minecraft:torch":1,"minecraft:dandelion":2,"betterdefaultbiomes:small_rock_stone":2,"minecraft:spider_eye":3,"minecraft:arrow":4,"minecraft:rotten_flesh":1,"minecraft:chainmail_leggings":2,"minecraft:iron_bars":2,"minecraft:coal":5,"minecraft:cobblestone":1},"minecraft:mined":{"supplementaries:book_pile":2,"minecraft:crafting_table":1,"minecraft:grass_block":1,"betterdefaultbiomes:short_grass":1,"betterdefaultbiomes:small_rock_stone":1,"minecraft:birch_log":12,"minecraft:iron_ore":8,"minecraft:birch_leaves":8,"minecraft:grass":6,"minecraft:coal_ore":5,"projectvibrantjourneys:short_grass":1,"minecraft:iron_bars":2,"byg:azalea":1,"minecraft:cobweb":3,"minecraft:stone":1},"minecraft:crafted":{"minecraft:wooden_sword":3,"minecraft:crafting_table":3,"minecraft:birch_planks":60,"minecraft:stick":12},"minecraft:custom":{"lootr:looted_stat":12,"minecraft:interact_with_furnace":2,"minecraft:mob_kills":20,"minecraft:interact_with_crafting_table":3,"minecraft:open_barrel":11,"minecraft:play_one_minute":64451,"minecraft:leave_game":1,"minecraft:time_since_death":8499,"minecraft:sleep_in_bed":1,"minecraft:climb_one_cm":34626,"minecraft:time_since_rest":8538,"minecraft:walk_one_cm":246420,"minecraft:sprint_one_cm":155423,"minecraft:damage_taken":2828,"minecraft:damage_absorbed":100,"minecraft:damage_blocked_by_shield":217,"minecraft:drop":1,"minecraft:damage_dealt":4153,"minecraft:swim_one_cm":2037,"minecraft:fly_one_cm":169203,"minecraft:open_chest":1,"minecraft:crouch_one_cm":1508,"tombstone:undead_killed":8,"minecraft:deaths":6,"minecraft:sneak_time":716,"minecraft:walk_under_water_one_cm":1004,"minecraft:jump":816,"minecraft:walk_on_water_one_cm":823,"minecraft:fall_one_cm":20610},"minecraft:dropped":{"minecraft:enchanted_book":1}},"DataVersion":2586}