{"stats":{"minecraft:killed_by":{"greekfantasy:minotaur":1,"minecraft:skeleton":1,"minecraft:zombie":1,"takesapillage:archer":1},"minecraft:killed":{"minecraft:skeleton":3,"minecraft:spider":1},"minecraft:used":{"minecraft:apple":1,"minecraft:birch_planks":3,"minecraft:bread":9,"minecraft:wooden_pickaxe":23,"supplementaries:bomb_blue":1,"minecraft:torch":1,"spartanshields:shield_basic_wood":7,"minecraft:wooden_sword":38,"minecraft:dirt":20,"minecraft:crafting_table":1,"mysticalworld:cactus_sword":59,"minecraft:carrot":2,"minecraft:yellow_bed":1,"minecraft:air":1},"minecraft:picked_up":{"minecraft:birch_log":10,"minecraft:stick":2,"greekfantasy:boar_ear":1,"greekfantasy:web_ball":1,"minecraft:enchanted_book":2,"minecraft:spider_eye":1,"minecraft:yellow_bed":1,"minecraft:string":2,"minecraft:dirt":20,"minecraft:paper":2,"byg:meadow_dirt":1,"minecraft:bone":2,"minecraft:arrow":3,"simplefarming:strawberries":4,"betterdefaultbiomes:small_rock_cobble":1,"minecraft:birch_sapling":3,"minecraft:iron_sword":1,"minecraft:coal":29,"minecraft:cobblestone":4,"eidolon:wraith_heart":1},"minecraft:mined":{"betterdefaultbiomes:dead_grass":1,"minecraft:birch_log":10,"minecraft:lilac":1,"byg:short_grass":2,"minecraft:birch_leaves":1,"minecraft:grass":10,"minecraft:yellow_bed":1,"byg:meadow_grass_block":1,"minecraft:coal_ore":17,"projectvibrantjourneys:short_grass":2,"minecraft:grass_block":16,"betterdefaultbiomes:feather_reed_grass":1,"minecraft:dirt":6,"minecraft:cobweb":1,"minecraft:cobblestone":1,"minecraft:stone":3,"minecraft:oak_leaves":1},"minecraft:crafted":{"minecraft:wooden_sword":1,"minecraft:crafting_table":1,"minecraft:stick":4,"minecraft:wooden_pickaxe":1,"minecraft:iron_ingot":1,"minecraft:iron_sword":1,"minecraft:torch":20,"minecraft:birch_planks":40},"minecraft:dropped":{"minecraft:iron_sword":1,"minecraft:arrow":2,"minecraft:paper":2,"minecraft:leather_helmet":1},"minecraft:custom":{"minecraft:time_since_rest":754,"minecraft:interact_with_smithing_table":1,"minecraft:interact_with_furnace":2,"lootr:looted_stat":11,"minecraft:sprint_one_cm":159548,"minecraft:damage_taken":1913,"minecraft:walk_one_cm":228771,"minecraft:damage_blocked_by_shield":270,"minecraft:mob_kills":4,"minecraft:drop":5,"minecraft:damage_dealt":1987,"minecraft:interact_with_crafting_table":8,"minecraft:fly_one_cm":53532,"minecraft:open_barrel":3,"minecraft:open_chest":1,"minecraft:crouch_one_cm":176,"minecraft:play_one_minute":58299,"tombstone:undead_killed":3,"minecraft:deaths":4,"minecraft:sneak_time":99,"minecraft:walk_under_water_one_cm":227,"minecraft:jump":503,"minecraft:leave_game":1,"minecraft:walk_on_water_one_cm":543,"minecraft:time_since_death":720,"minecraft:climb_one_cm":114093,"minecraft:fall_one_cm":15258}},"DataVersion":2586}