{"stats":{"minecraft:killed_by":{"minecraft:player":1,"greekfantasy:harpy":1,"minecraft:creeper":1,"greekfantasy:minotaur":2},"minecraft:killed":{"minecraft:pig":2,"minecraft:spider":1,"alexsmobs:tasmanian_devil":1,"minecraft:zombie":1,"minecraft:silverfish":1},"minecraft:used":{"minecraft:stone_sword":64,"minecraft:stone_shovel":23,"minecraft:stone_pickaxe":64,"minecraft:wooden_pickaxe":28,"simplefarming:strawberries":4,"minecraft:dirt":2,"minecraft:crafting_table":3,"minecraft:mushroom_stew":4,"simplefarming:raspberries":2,"minecraft:stone_axe":12,"spartanshields:shield_basic_wood":3,"minecraft:furnace":1,"mysticalworld:cactus_sword":3,"minecraft:potato":15,"betterdefaultbiomes:yellow_mushroom":1},"minecraft:picked_up":{"minecraft:birch_log":4,"mysticalworld:copper_ore":6,"minecraft:andesite":2,"minecraft:leather_leggings":1,"minecraft:brown_mushroom":1,"minecraft:potato":12,"minecraft:birch_planks":4,"minecraft:potion":2,"minecraft:oak_log":9,"titles:title_scroll_common":1,"betterdefaultbiomes:white_mushroom":6,"simplefarming:zucchini_seeds":1,"minecraft:dirt":26,"betterdefaultbiomes:gray_mushroom":3,"greekfantasy:reeds":6,"byg:meadow_dirt":40,"minecraft:leather_boots":1,"mysticalworld:cactus_sword":2,"minecraft:wheat_seeds":5,"ftbquests:book":1,"betterdefaultbiomes:yellow_mushroom":13,"quark:tallow":4,"minecraft:iron_ore":11,"betterdefaultbiomes:tall_water_reeds":1,"spartanshields:shield_basic_wood":1,"minecraft:sugar_cane":12,"minecraft:iron_boots":2,"brewevolution:hops_seeds":1,"minecraft:stick":2,"projectvibrantjourneys:bark_mushroom":2,"minecraft:torch":1,"akashictome:tome":1,"minecraft:gravel":1,"minecraft:porkchop":3,"simplefarming:raspberries":2,"mysticalworld:aubergine_seeds":3,"simplefarming:strawberries":4,"minecraft:oak_sapling":2,"minecraft:coal":18,"minecraft:cobblestone":28},"minecraft:mined":{"betterdefaultbiomes:tall_water_reeds":1,"betterdefaultbiomes:gray_mushroom":3,"minecraft:brown_mushroom":1,"betterdefaultbiomes:white_mushroom":8,"mysticalworld:copper_ore":6,"minecraft:torch":1,"minecraft:grass_block":6,"betterdefaultbiomes:yellow_mushroom":15,"mushroomquest:fan_fern":1,"betterdefaultbiomes:short_grass":3,"minecraft:sugar_cane":6,"minecraft:birch_log":4,"minecraft:iron_ore":8,"byg:meadow_dirt":9,"byg:short_grass":2,"minecraft:andesite":2,"minecraft:birch_leaves":1,"betterdefaultbiomes:dark_violet":1,"byg:meadow_grass_block":3,"minecraft:grass":15,"minecraft:coal_ore":18,"minecraft:oak_log":9,"projectvibrantjourneys:short_grass":6,"minecraft:gravel":1,"greekfantasy:reeds":6,"minecraft:dirt":28,"minecraft:stone":28},"minecraft:crafted":{"minecraft:oak_planks":36,"minecraft:stone_shovel":1,"minecraft:crafting_table":3,"minecraft:wooden_pickaxe":1,"minecraft:bowl":8,"minecraft:furnace":1,"minecraft:mushroom_stew":8,"minecraft:birch_planks":16,"minecraft:stone_axe":1,"minecraft:air":0,"minecraft:iron_boots":1,"minecraft:stick":16,"minecraft:iron_ingot":11,"minecraft:stone_pickaxe":1,"minecraft:wooden_axe":1,"minecraft:stone_sword":2},"minecraft:dropped":{"mysticalworld:cactus_sword":1},"minecraft:custom":{"minecraft:interact_with_smithing_table":2,"minecraft:interact_with_furnace":8,"minecraft:mob_kills":6,"minecraft:interact_with_crafting_table":14,"minecraft:open_barrel":2,"minecraft:play_one_minute":46791,"minecraft:time_since_death":1218,"minecraft:climb_one_cm":6478,"minecraft:time_since_rest":1306,"minecraft:sprint_one_cm":234159,"minecraft:damage_taken":1763,"minecraft:walk_one_cm":190560,"minecraft:damage_blocked_by_shield":116,"minecraft:drop":1,"minecraft:damage_dealt":994,"minecraft:fly_one_cm":59286,"minecraft:crouch_one_cm":4053,"tombstone:undead_killed":1,"minecraft:deaths":5,"minecraft:sneak_time":1327,"minecraft:walk_under_water_one_cm":461,"minecraft:jump":595,"minecraft:walk_on_water_one_cm":2728,"minecraft:fall_one_cm":9917}},"DataVersion":2586}