{"stats":{"minecraft:killed_by":{"minecraft:player":2,"minecraft:skeleton":1,"minecraft:zombie":8,"greekfantasy:minotaur":1,"takesapillage:archer":1},"minecraft:killed":{"minecraft:spider":3,"minecraft:creeper":1,"minecraft:skeleton":4,"minecraft:zombie":8,"ars_nouveau:wilden_stalker":1},"minecraft:broken":{"minecraft:leather_helmet":1,"minecraft:wooden_sword":1,"minecraft:leather_boots":1,"minecraft:leather_leggings":1,"minecraft:leather_chestplate":1},"minecraft:used":{"minecraft:cooked_mutton":1,"minecraft:stone_sword":60,"minecraft:birch_planks":4,"minecraft:stone_pickaxe":120,"minecraft:chest":1,"minecraft:wooden_pickaxe":26,"minecraft:torch":35,"minecraft:golden_apple":2,"minecraft:dirt":30,"minecraft:crafting_table":2,"minecraft:carrot":5,"simplefarming:raspberries":3,"minecraft:cake":1,"byg:meadow_dirt":5,"ars_nouveau:archwood_chest":1,"minecraft:apple":1,"minecraft:bread":10,"minecraft:gravel":3,"supplementaries:bomb_blue":1,"spartanshields:shield_basic_wood":10,"minecraft:wooden_sword":104,"minecraft:golden_carrot":1,"minecraft:cobblestone":75,"mysticalworld:cactus_sword":59,"tombstone:gift":3,"minecraft:yellow_bed":1,"minecraft:air":1,"minecraft:coarse_dirt":1},"minecraft:picked_up":{"minecraft:birch_log":10,"minecraft:coarse_dirt":1,"minecraft:clay_ball":4,"minecraft:brown_mushroom":1,"minecraft:wooden_pickaxe":1,"greekfantasy:web_ball":1,"minecraft:potion":4,"minecraft:enchanted_book":3,"paraglider:spirit_orb":2,"iceandfire:ectoplasm":1,"minecraft:yellow_bed":1,"minecraft:gunpowder":2,"greekfantasy:horn":2,"ftbquests:lootcrate":2,"minecraft:dirt":53,"minecraft:string":2,"minecraft:paper":2,"minecraft:wooden_sword":1,"byg:meadow_dirt":6,"minecraft:cooked_mutton":1,"ars_nouveau:mana_gem":1,"minecraft:bone":3,"minecraft:apple":2,"minecraft:wheat_seeds":1,"minecraft:iron_ore":7,"betterdefaultbiomes:small_rock_cobble":1,"minecraft:iron_nugget":3,"minecraft:glowstone_dust":1,"kubejs:iron_coin":1,"minecraft:birch_sapling":3,"minecraft:iron_sword":1,"minecraft:iron_boots":1,"apotheosis:potion_charm":1,"minecraft:stick":2,"greekfantasy:boar_ear":1,"kubejs:copper_coin":1,"ars_nouveau:archwood_chest":2,"minecraft:torch":2,"simplefarming:blueberries":11,"minecraft:gravel":3,"simplefarming:raspberries":17,"minecraft:cookie":1,"tombstone:grave_dust":1,"ars_nouveau:greater_experience_gem":1,"minecraft:redstone":1,"minecraft:spider_eye":1,"roughtweaks:salve":1,"minecraft:stone_sword":1,"minecraft:arrow":5,"minecraft:rotten_flesh":8,"minecraft:nether_bricks":1,"mysticalworld:aubergine_seeds":1,"simplefarming:strawberries":4,"farmersdelight:melon_juice":3,"minecraft:mutton":1,"majruszs_difficulty:bandage":4,"minecraft:coal":31,"eidolon:wraith_heart":1,"minecraft:cobblestone":87,"aquaculture:lockbox":2},"minecraft:mined":{"minecraft:mossy_cobblestone":1,"supplementaries:book_pile":1,"ars_nouveau:mana_berry_bush":1,"minecraft:clay":1,"minecraft:nether_bricks":1,"minecraft:grass_block":22,"minecraft:cobblestone":5,"minecraft:spawner":2,"minecraft:large_fern":1,"betterdefaultbiomes:dead_grass":1,"minecraft:coarse_dirt":1,"mysticalworld:tin_ore":1,"minecraft:birch_log":10,"minecraft:iron_ore":7,"byg:meadow_dirt":3,"minecraft:lilac":1,"byg:short_grass":2,"minecraft:birch_leaves":1,"minecraft:yellow_bed":1,"byg:meadow_grass_block":2,"minecraft:grass":12,"betterdefaultbiomes:feather_reed_grass":1,"minecraft:coal_ore":17,"projectvibrantjourneys:short_grass":2,"minecraft:gravel":3,"minecraft:dirt":16,"minecraft:cobweb":1,"minecraft:stone":97,"minecraft:oak_leaves":1},"minecraft:crafted":{"minecraft:wooden_sword":1,"minecraft:crafting_table":2,"minecraft:wooden_pickaxe":1,"minecraft:iron_sword":1,"minecraft:birch_planks":40,"minecraft:stick":8,"minecraft:iron_ingot":1,"minecraft:stone_pickaxe":1,"minecraft:stone_sword":2,"minecraft:chest":1,"minecraft:torch":20},"minecraft:dropped":{"minecraft:iron_sword":1,"minecraft:birch_planks":10,"minecraft:stone_sword":2,"greekfantasy:horn":2,"minecraft:leather_helmet":1,"minecraft:torch":1,"minecraft:arrow":2,"minecraft:paper":2,"ftbquests:lootcrate":1},"minecraft:custom":{"minecraft:interact_with_smithing_table":1,"lootr:looted_stat":16,"minecraft:interact_with_furnace":2,"minecraft:mob_kills":22,"minecraft:interact_with_crafting_table":14,"minecraft:open_barrel":3,"minecraft:play_one_minute":130080,"minecraft:eat_cake_slice":5,"minecraft:leave_game":1,"minecraft:time_since_death":29636,"minecraft:climb_one_cm":116764,"minecraft:time_since_rest":29687,"minecraft:sprint_one_cm":449347,"minecraft:damage_absorbed":127,"minecraft:damage_taken":5405,"minecraft:walk_one_cm":454837,"minecraft:damage_blocked_by_shield":400,"minecraft:drop":21,"minecraft:damage_dealt":6091,"minecraft:talked_to_villager":1,"minecraft:swim_one_cm":434,"minecraft:fly_one_cm":189866,"minecraft:player_kills":1,"minecraft:open_chest":10,"minecraft:crouch_one_cm":1298,"tombstone:undead_killed":12,"minecraft:deaths":13,"minecraft:sneak_time":1519,"minecraft:walk_under_water_one_cm":1210,"minecraft:jump":1453,"minecraft:walk_on_water_one_cm":13272,"minecraft:fall_one_cm":71268}},"DataVersion":2586}