{"stats":{"minecraft:killed_by":{"minecraft:skeleton":7,"minecraft:stray":1,"minecraft:creeper":1,"minecraft:spider":1,"minecraft:witch":1,"minecraft:zombie":6,"eidolon:wraith":1,"greekfantasy:minotaur":1,"minecraft:magma_cube":1},"minecraft:killed":{"minecraft:magma_cube":1,"alexsmobs:raccoon":1,"minecraft:spider":9,"minecraft:creeper":1,"rats:rat":1,"greekfantasy:minotaur":1,"minecraft:skeleton":7,"minecraft:zombie":43,"minecraft:silverfish":1,"greekfantasy:baby_spider":1,"greekfantasy:drakaina":1},"minecraft:broken":{"minecraft:leather_boots":1,"minecraft:wooden_sword":1,"minecraft:stone_sword":1,"mysticalworld:cactus_sword":1,"minecraft:bow":1},"minecraft:used":{"minecraft:stone_sword":261,"minecraft:stone_pickaxe":121,"minecraft:baked_potato":3,"minecraft:wooden_pickaxe":2,"minecraft:shield":13,"minecraft:iron_sword":2,"minecraft:rotten_flesh":1,"minecraft:torch":16,"minecraft:dirt":14,"minecraft:crafting_table":4,"supplementaries:bomb":1,"minecraft:carrot":8,"byg:meadow_dirt":1,"minecraft:apple":6,"minecraft:bread":7,"minecraft:melon_slice":9,"minecraft:stone_bricks":44,"minecraft:wooden_sword":84,"minecraft:bow":10,"betterdefaultbiomes:small_rock_stone":2,"spartanshields:shield_basic_wood":4,"minecraft:cobblestone":8,"mysticalworld:cactus_sword":73,"tombstone:gift":4,"minecraft:air":1},"minecraft:picked_up":{"minecraft:birch_log":16,"minecraft:crafting_table":1,"minecraft:wheat":8,"minecraft:lilac":1,"minecraft:leather":4,"greekfantasy:web_ball":1,"minecraft:enchanted_book":6,"simplefarming:rye_seeds":1,"minecraft:shield":1,"minecraft:gunpowder":2,"rats:raw_rat":1,"minecraft:dirt":17,"minecraft:string":16,"byg:meadow_dirt":4,"ars_nouveau:mana_gem":3,"minecraft:bone":7,"minecraft:stone_bricks":3,"minecraft:bow":2,"minecraft:wheat_seeds":18,"minecraft:spruce_planks":12,"minecraft:iron_ore":35,"quark:root_item":4,"minecraft:melon_slice":55,"minecraft:birch_sapling":1,"minecraft:oak_planks":4,"kubejs:iron_coin":1,"byg:azalea":1,"projectvibrantjourneys:bark_mushroom":3,"kubejs:copper_coin":3,"minecraft:torch":2,"minecraft:dandelion":2,"betterdefaultbiomes:small_rock_stone":6,"tombstone:grave_dust":3,"minecraft:spider_eye":3,"minecraft:stone_sword":2,"minecraft:arrow":6,"minecraft:rotten_flesh":26,"minecraft:nether_bricks":1,"minecraft:chainmail_leggings":2,"minecraft:cobblestone":16,"minecraft:iron_bars":2,"minecraft:coal":66,"minecraft:rail":3},"minecraft:mined":{"supplementaries:book_pile":2,"minecraft:crafting_table":1,"minecraft:grass_block":1,"minecraft:melon":12,"betterdefaultbiomes:short_grass":1,"minecraft:oak_planks":2,"betterdefaultbiomes:small_rock_stone":2,"minecraft:birch_log":12,"minecraft:iron_ore":35,"byg:meadow_dirt":4,"byg:short_grass":1,"minecraft:birch_leaves":8,"minecraft:grass":7,"minecraft:coal_ore":65,"projectvibrantjourneys:short_grass":1,"minecraft:vine":1,"minecraft:rail":3,"minecraft:iron_bars":2,"byg:azalea":1,"minecraft:cobweb":8,"minecraft:stone":14,"ars_nouveau:arcane_ore":3,"minecraft:stone_bricks":2,"minecraft:oak_leaves":1,"quark:root":4},"minecraft:crafted":{"minecraft:wooden_sword":3,"minecraft:crafting_table":4,"minecraft:wooden_pickaxe":1,"minecraft:iron_sword":1,"minecraft:birch_planks":60,"minecraft:bread":2,"minecraft:air":0,"minecraft:shield":1,"minecraft:stick":20,"minecraft:iron_ingot":3,"minecraft:stone_sword":2},"minecraft:custom":{"minecraft:interact_with_furnace":6,"lootr:looted_stat":14,"minecraft:mob_kills":73,"minecraft:interact_with_crafting_table":11,"minecraft:open_barrel":11,"minecraft:play_one_minute":123605,"minecraft:leave_game":2,"minecraft:time_since_death":669,"minecraft:sleep_in_bed":1,"minecraft:climb_one_cm":38311,"minecraft:time_since_rest":708,"minecraft:damage_absorbed":133,"minecraft:sprint_one_cm":312911,"minecraft:damage_taken":7739,"minecraft:walk_one_cm":513761,"minecraft:damage_blocked_by_shield":531,"minecraft:drop":11,"minecraft:damage_dealt":15858,"minecraft:swim_one_cm":2037,"minecraft:fly_one_cm":288475,"minecraft:talked_to_villager":1,"minecraft:player_kills":2,"minecraft:open_chest":34,"minecraft:crouch_one_cm":4938,"tombstone:undead_killed":50,"minecraft:deaths":21,"minecraft:sneak_time":2010,"minecraft:walk_under_water_one_cm":1004,"minecraft:jump":1408,"minecraft:walk_on_water_one_cm":823,"minecraft:fall_one_cm":66937},"minecraft:dropped":{"minecraft:enchanted_book":1,"minecraft:wheat_seeds":3,"minecraft:rotten_flesh":19,"minecraft:nether_bricks":1,"minecraft:rail":6,"minecraft:spider_eye":1,"minecraft:wooden_sword":1,"rats:raw_rat":1,"minecraft:bone":1}},"DataVersion":2586}