{"stats":{"minecraft:killed_by":{"minecraft:player":1,"minecraft:skeleton":4,"minecraft:creeper":2,"minecraft:zombie":5},"minecraft:killed":{"minecraft:skeleton":2,"minecraft:zombie":2,"minecraft:silverfish":1,"takesapillage:archer":1},"minecraft:broken":{"minecraft:leather_helmet":1,"mysticalworld:cactus_sword":2},"minecraft:used":{"minecraft:stone_sword":36,"minecraft:stone_pickaxe":48,"minecraft:wooden_pickaxe":52,"minecraft:torch":1,"minecraft:carrot":34,"byg:meadow_dirt":23,"minecraft:apple":1,"simplefarming:strawberry_bush":11,"minecraft:bread":4,"simplefarming:lettuce_seeds":1,"minecraft:bow":1,"simplefarming:eggplant_seeds":1,"mysticalworld:cactus_sword":92,"minecraft:cooked_porkchop":2,"tombstone:gift":4,"alexsmobs:animal_dictionary":3,"minecraft:potato":7},"minecraft:picked_up":{"minecraft:wheat":9,"simplefarming:turnip_seeds":2,"mushroomquest:tinyfungibunch":1,"minecraft:potato":47,"minecraft:potion":2,"minecraft:enchanted_book":1,"simplefarming:potato_seeds":3,"minecraft:flint":1,"simplefarming:rye_seeds":2,"minecraft:gunpowder":2,"rats:raw_rat":1,"minecraft:string":2,"byg:meadow_dirt":51,"upgrade_aquatic:river_sapling":1,"ars_nouveau:mana_gem":2,"minecraft:bone":3,"minecraft:birch_fence":1,"minecraft:bow":1,"minecraft:wheat_seeds":29,"minecraft:gold_nugget":2,"simplefarming:lettuce_seeds":1,"minecraft:glowstone_dust":1,"minecraft:glass_bottle":2,"minecraft:iron_pickaxe":1,"quark:root_item":2,"minecraft:light_gray_wool":1,"betterdefaultbiomes:small_rock_andesite":2,"upgrade_aquatic:mulberry":3,"simplefarming:spinach_seeds":4,"simplefarming:cantaloupe_seeds":1,"kubejs:copper_coin":2,"minecraft:torch":4,"minecraft:gravel":13,"minecraft:soul_torch":2,"tombstone:grave_dust":2,"minecraft:carrot":40,"minecraft:spider_eye":1,"simplefarming:eggplant_seeds":1,"roughtweaks:salve":1,"betterdefaultbiomes:blue_poppy":1,"minecraft:arrow":5,"minecraft:stone_sword":1,"minecraft:rotten_flesh":4,"simplefarming:strawberry_bush":11,"simplefarming:pepper_seeds":1,"mysticalworld:aubergine_seeds":10,"simplefarming:strawberries":30,"minecraft:emerald":1,"minecraft:melon_seeds":1,"minecraft:coal":71,"minecraft:rail":6,"minecraft:white_wool":4,"minecraft:cobblestone":25},"minecraft:mined":{"minecraft:torch":1,"upgrade_aquatic:river_leaves":4,"minecraft:carrots":11,"upgrade_aquatic:mulberry_vine":2,"minecraft:wheat":9,"byg:meadow_dirt":8,"betterdefaultbiomes:small_rock_andesite":1,"minecraft:birch_leaves":2,"mushroomquest:tinyfungibunch":1,"byg:short_grass":1,"byg:meadow_grass_block":2,"minecraft:grass":8,"minecraft:potatoes":12,"minecraft:coal_ore":72,"projectvibrantjourneys:short_grass":1,"mushroomquest:witchurn":2,"minecraft:gravel":2,"minecraft:dirt":1,"minecraft:cobweb":1,"ars_nouveau:arcane_ore":2,"minecraft:stone":23,"simplefarming:strawberry_bush":11,"minecraft:oak_leaves":5},"minecraft:crafted":{"minecraft:wooden_pickaxe":1,"minecraft:stick":4,"minecraft:iron_pickaxe":1},"minecraft:dropped":{"quark:root_item":2,"minecraft:soul_torch":1,"minecraft:glass_bottle":2,"simplefarming:potato_seeds":3,"simplefarming:turnip_seeds":1,"minecraft:rotten_flesh":6,"minecraft:rail":3,"byg:meadow_dirt":27,"minecraft:coal":1,"betterdefaultbiomes:small_rock_andesite":2,"simplefarming:rye_seeds":2,"minecraft:spider_eye":1,"simplefarming:spinach_seeds":2,"minecraft:bone":3},"minecraft:custom":{"minecraft:interact_with_furnace":3,"lootr:looted_stat":3,"minecraft:mob_kills":7,"tombstone:raider_killed":1,"minecraft:interact_with_crafting_table":8,"minecraft:open_barrel":2,"minecraft:play_one_minute":77364,"minecraft:sleep_in_bed":1,"minecraft:leave_game":1,"minecraft:time_since_death":30231,"minecraft:climb_one_cm":570,"minecraft:time_since_rest":3680,"minecraft:sprint_one_cm":289189,"minecraft:damage_taken":4653,"minecraft:walk_one_cm":261799,"minecraft:drop":23,"minecraft:damage_dealt":1944,"minecraft:swim_one_cm":2572,"minecraft:talked_to_villager":1,"minecraft:fly_one_cm":252386,"minecraft:open_chest":26,"minecraft:crouch_one_cm":3403,"tombstone:undead_killed":4,"minecraft:deaths":14,"minecraft:sneak_time":1279,"minecraft:walk_under_water_one_cm":1509,"minecraft:interact_with_brewingstand":1,"minecraft:jump":1227,"minecraft:walk_on_water_one_cm":4093,"minecraft:fall_one_cm":61386}},"DataVersion":2586}