{"stats":{"minecraft:killed_by":{"minecraft:zombie":2,"eidolon:wraith":1,"greekfantasy:minotaur":1},"minecraft:killed":{"minecraft:cave_spider":6,"minecraft:spider":2,"greekfantasy:minotaur":1,"minecraft:skeleton":2,"eidolon:wraith":1,"minecraft:zombie":10,"minecraft:stray":2,"minecraft:silverfish":2},"minecraft:broken":{"minecraft:leather_boots":1},"minecraft:used":{"minecraft:stone_sword":87,"minecraft:stone_pickaxe":129,"minecraft:baked_potato":3,"minecraft:shield":1,"minecraft:chest":6,"minecraft:wooden_pickaxe":39,"minecraft:cauldron":1,"simplefarming:strawberries":10,"minecraft:torch":142,"minecraft:dirt":4,"minecraft:lime_bed":1,"minecraft:crafting_table":3,"simplefarming:blackberries":10,"minecraft:wooden_axe":16,"minecraft:apple":8,"minecraft:bread":7,"spartanshields:shield_basic_wood":8,"minecraft:bow":2,"mysticalworld:cactus_sword":83,"tombstone:gift":6,"minecraft:cooked_beef":2},"minecraft:picked_up":{"minecraft:wooden_axe":1,"minecraft:birch_log":19,"minecraft:lime_bed":1,"minecraft:crafting_table":1,"minecraft:leather":4,"minecraft:golden_leggings":2,"minecraft:enchanted_book":5,"minecraft:chainmail_chestplate":1,"minecraft:gunpowder":1,"greekfantasy:horn":1,"minecraft:string":8,"minecraft:dirt":18,"tombstone:gift":1,"byg:meadow_dirt":2,"ars_nouveau:mana_gem":3,"minecraft:bone":5,"minecraft:apple":1,"mysticalworld:cactus_sword":2,"minecraft:stone_bricks":1,"minecraft:bow":1,"minecraft:cracked_stone_bricks":2,"minecraft:wheat_seeds":1,"minecraft:iron_ingot":1,"minecraft:iron_ore":23,"minecraft:iron_nugget":7,"quark:black_shard":8,"quark:root_item":2,"minecraft:chest":1,"minecraft:birch_sapling":4,"minecraft:golden_helmet":1,"minecraft:tipped_arrow":1,"minecraft:stick":3,"minecraft:jukebox":1,"projectvibrantjourneys:bark_mushroom":2,"kubejs:copper_coin":1,"minecraft:torch":6,"tombstone:grave_dust":3,"minecraft:golden_chestplate":1,"minecraft:leather_helmet":1,"minecraft:spider_eye":4,"simplefarming:blackberries":11,"eidolon:tattered_cloth":2,"minecraft:arrow":3,"minecraft:rotten_flesh":8,"simplefarming:pepper_seeds":1,"mysticalworld:aubergine_seeds":1,"minecraft:chainmail_leggings":1,"simplefarming:strawberries":14,"minecraft:golden_apple":2,"minecraft:bread":1,"tombstone:magic_scroll":1,"minecraft:bricks":1,"minecraft:iron_bars":8,"minecraft:coal":92,"minecraft:cobblestone":28},"minecraft:mined":{"supplementaries:book_pile":3,"mysticalworld:copper_ore":1,"minecraft:crafting_table":1,"minecraft:torch":4,"minecraft:grass_block":6,"minecraft:chest":1,"minecraft:cobblestone":2,"minecraft:tall_grass":1,"betterdefaultbiomes:short_grass":1,"minecraft:bricks":1,"minecraft:wall_torch":3,"minecraft:lime_bed":1,"betterdefaultbiomes:dead_grass":1,"minecraft:black_stained_glass":2,"minecraft:birch_log":20,"minecraft:iron_ore":26,"minecraft:jukebox":1,"byg:short_grass":1,"minecraft:birch_leaves":2,"byg:meadow_grass_block":2,"minecraft:grass":2,"minecraft:coal_ore":92,"projectvibrantjourneys:short_grass":1,"minecraft:iron_bars":8,"minecraft:dirt":5,"minecraft:cracked_stone_bricks":2,"minecraft:stone_bricks":1,"ars_nouveau:arcane_ore":3,"minecraft:stone":26,"minecraft:mossy_stone_bricks":1,"quark:root":1},"minecraft:crafted":{"minecraft:crafting_table":2,"minecraft:wooden_pickaxe":1,"minecraft:birch_planks":76,"minecraft:stick":32,"minecraft:stone_sword":2,"minecraft:chest":5,"minecraft:stone_pickaxe":1,"minecraft:wooden_axe":1,"minecraft:torch":88},"minecraft:dropped":{"minecraft:enchanted_book":1,"minecraft:bread":1,"akashictome:tome":1,"kubejs:copper_coin":1,"minecraft:iron_nugget":7,"minecraft:stone_sword":1,"spartanshields:shield_basic_wood":1,"titles:title_scroll_common":1,"minecraft:leather":2,"minecraft:potato":12,"minecraft:shield":1,"minecraft:gunpowder":1,"mysticalworld:cactus_sword":3,"minecraft:leather_boots":1,"simplefarming:strawberries":4,"tombstone:grave_dust":1,"minecraft:potion":1,"minecraft:leather_leggings":1,"minecraft:spider_eye":1},"minecraft:custom":{"minecraft:interact_with_smithing_table":1,"minecraft:interact_with_furnace":2,"lootr:looted_stat":21,"minecraft:mob_kills":26,"minecraft:interact_with_crafting_table":8,"minecraft:open_barrel":4,"minecraft:play_one_minute":69450,"minecraft:leave_game":1,"minecraft:time_since_death":30572,"minecraft:sleep_in_bed":1,"minecraft:time_since_rest":26743,"minecraft:sprint_one_cm":220344,"minecraft:walk_one_cm":279928,"minecraft:damage_taken":2745,"minecraft:damage_blocked_by_shield":74,"minecraft:drop":24,"minecraft:damage_dealt":4927,"tombstone:cast_on_ally":1,"minecraft:talked_to_villager":2,"minecraft:fly_one_cm":179462,"minecraft:player_kills":1,"minecraft:open_chest":25,"minecraft:crouch_one_cm":1980,"tombstone:undead_killed":15,"minecraft:deaths":4,"minecraft:sneak_time":795,"tombstone:tomb_raiding":1,"minecraft:jump":791,"minecraft:walk_on_water_one_cm":1007,"minecraft:fall_one_cm":24462}},"DataVersion":2586}