{"stats":{"minecraft:killed_by":{"minecraft:player":2,"minecraft:creeper":1,"greekfantasy:harpy":1,"minecraft:skeleton":1,"minecraft:zombie":1,"greekfantasy:minotaur":3},"minecraft:killed":{"minecraft:spider":1,"fins:flatback_leaf_snail":1,"alexsmobs:tasmanian_devil":1,"minecraft:silverfish":1,"minecraft:pig":2,"greekfantasy:minotaur":1,"minecraft:sheep":2,"minecraft:zombie":3,"eidolon:zombie_brute":1},"minecraft:broken":{"spartanshields:shield_basic_wood":1},"minecraft:used":{"minecraft:stone_sword":159,"minecraft:stone_shovel":41,"minecraft:oak_sign":1,"minecraft:spruce_planks":6,"minecraft:chest":2,"minecraft:shield":7,"minecraft:torch":12,"minecraft:dirt":2,"simplefarming:raspberries":2,"minecraft:wooden_axe":7,"minecraft:furnace":1,"minecraft:potato":15,"betterdefaultbiomes:yellow_mushroom":1,"minecraft:cooked_mutton":1,"minecraft:spruce_door":2,"minecraft:birch_planks":21,"minecraft:stone_pickaxe":122,"minecraft:oak_planks":11,"farmersdelight:golden_knife":8,"minecraft:wooden_pickaxe":28,"simplefarming:strawberries":4,"minecraft:crafting_table":6,"minecraft:mushroom_stew":8,"minecraft:white_bed":1,"byg:meadow_dirt":20,"minecraft:bread":2,"minecraft:melon_slice":13,"minecraft:stone_axe":47,"spartanshields:shield_basic_wood":4,"minecraft:fire_charge":1,"mysticalworld:cactus_sword":3,"minecraft:andesite":1,"minecraft:pumpkin_pie":5},"minecraft:picked_up":{"minecraft:wheat":5,"minecraft:leather_leggings":1,"minecraft:brown_mushroom":1,"minecraft:potion":2,"minecraft:enchanted_book":4,"titles:title_scroll_common":2,"betterdefaultbiomes:white_mushroom":11,"tombstone:grave_key":2,"greekfantasy:horn":2,"minecraft:string":2,"simplefarming:zucchini_seeds":2,"serene_shrubbery:purple_pansies":3,"minecraft:iron_shovel":1,"ars_nouveau:mana_gem":7,"minecraft:birch_fence":1,"minecraft:oak_sign":2,"minecraft:spruce_planks":2,"betterdefaultbiomes:yellow_mushroom":18,"spartanshields:shield_basic_wood":1,"minecraft:light_gray_wool":1,"minecraft:chest":1,"minecraft:melon_slice":18,"minecraft:sugar_cane":12,"minecraft:iron_boots":2,"simplefarming:spinach_seeds":2,"brewevolution:hops_seeds":2,"minecraft:stick":11,"projectvibrantjourneys:bark_mushroom":3,"kubejs:copper_coin":3,"minecraft:torch":34,"akashictome:tome":1,"minecraft:porkchop":3,"simplefarming:raspberries":2,"minecraft:carrot":21,"minecraft:redstone":17,"betterdefaultbiomes:blue_poppy":3,"buddycards:luminis_crystal":6,"minecraft:rotten_flesh":6,"mysticalworld:aubergine_seeds":7,"simplefarming:strawberries":10,"projectvibrantjourneys:cattail":2,"darkerdepths:glowshroom":3,"minecraft:mutton":2,"eidolon:wraith_heart":1,"minecraft:white_wool":2,"minecraft:cobblestone":43,"minecraft:birch_log":10,"mysticalworld:copper_ore":6,"minecraft:andesite":4,"minecraft:leather":2,"minecraft:potato":14,"minecraft:birch_planks":14,"simplefarming:rye_seeds":2,"minecraft:oak_log":21,"minecraft:dirt":26,"betterdefaultbiomes:gray_mushroom":6,"greekfantasy:reeds":9,"byg:meadow_dirt":82,"minecraft:leather_boots":1,"minecraft:bone":2,"mysticalworld:cactus_sword":2,"minecraft:bow":1,"minecraft:wheat_seeds":31,"ftbquests:book":1,"quark:tallow":8,"minecraft:iron_ore":15,"betterdefaultbiomes:tall_water_reeds":2,"minecraft:glass_bottle":2,"relics:bastion_ring":2,"minecraft:oak_planks":8,"minecraft:pumpkin":7,"minecraft:dandelion":1,"minecraft:gravel":9,"minecraft:spruce_log":10,"minecraft:spruce_door":1,"minecraft:pumpkin_seeds":1,"simplefarming:strawberry_bush":2,"fins:flatback_leaf_snail_shell":2,"minecraft:oak_sapling":2,"minecraft:coal":41},"minecraft:mined":{"minecraft:attached_pumpkin_stem":1,"minecraft:spruce_planks":2,"darkerdepths:glowshroom":3,"mysticalworld:copper_ore":6,"minecraft:grass_block":6,"betterdefaultbiomes:yellow_mushroom":20,"betterdefaultbiomes:short_grass":5,"minecraft:tall_seagrass":1,"minecraft:carrots":2,"minecraft:iron_ore":12,"minecraft:andesite":2,"minecraft:pumpkin":7,"minecraft:potatoes":1,"greekfantasy:reeds":11,"minecraft:stone":44,"simplefarming:strawberry_bush":2,"buddycards:luminis_ore":6,"betterdefaultbiomes:tall_water_reeds":1,"betterdefaultbiomes:gray_mushroom":6,"minecraft:brown_mushroom":1,"betterdefaultbiomes:white_mushroom":13,"supplementaries:book_pile":2,"minecraft:spruce_door":1,"minecraft:dandelion":1,"minecraft:torch":1,"minecraft:melon":4,"minecraft:chest":1,"mushroomquest:fan_fern":1,"minecraft:sugar_cane":6,"minecraft:oak_planks":9,"minecraft:seagrass":1,"betterdefaultbiomes:dead_grass":1,"minecraft:birch_log":10,"byg:meadow_dirt":26,"minecraft:wheat":3,"minecraft:spruce_log":10,"byg:short_grass":3,"minecraft:birch_leaves":1,"betterdefaultbiomes:purple_verbena":1,"byg:meadow_grass_block":11,"betterdefaultbiomes:dark_violet":1,"minecraft:grass":32,"betterdefaultbiomes:feather_reed_grass":1,"minecraft:coal_ore":41,"minecraft:oak_log":21,"projectvibrantjourneys:short_grass":8,"minecraft:gravel":1,"minecraft:dirt":28,"ars_nouveau:arcane_ore":8},"minecraft:crafted":{"minecraft:oak_planks":84,"minecraft:stone_shovel":1,"minecraft:oak_sign":3,"minecraft:furnace":1,"minecraft:mushroom_stew":14,"minecraft:cooked_mutton":2,"minecraft:iron_boots":1,"minecraft:stone_pickaxe":2,"minecraft:chest":1,"blue_skies:blue_journal":1,"minecraft:crafting_table":6,"minecraft:spruce_planks":40,"minecraft:wooden_pickaxe":2,"minecraft:spruce_door":3,"minecraft:bowl":16,"minecraft:birch_planks":40,"minecraft:stone_axe":3,"minecraft:bread":2,"minecraft:air":0,"minecraft:shield":4,"mysticalworld:copper_ingot":6,"minecraft:stick":40,"minecraft:iron_ingot":19,"minecraft:wooden_axe":1,"minecraft:stone_sword":4,"minecraft:white_bed":1,"minecraft:torch":44},"minecraft:dropped":{"mysticalworld:aubergine_seeds":3,"serene_shrubbery:purple_pansies":2,"simplefarming:rye_seeds":2,"tombstone:grave_key":6,"projectvibrantjourneys:bark_mushroom":1,"minecraft:dandelion":1,"minecraft:gravel":6,"minecraft:rotten_flesh":3,"minecraft:iron_boots":1,"mysticalworld:cactus_sword":1,"minecraft:spruce_planks":13},"minecraft:custom":{"minecraft:interact_with_smithing_table":3,"lootr:looted_stat":2,"minecraft:mob_kills":18,"minecraft:interact_with_crafting_table":41,"minecraft:open_barrel":2,"minecraft:eat_cake_slice":2,"minecraft:leave_game":1,"minecraft:time_since_death":30490,"minecraft:climb_one_cm":8896,"minecraft:sprint_one_cm":462842,"minecraft:walk_one_cm":457313,"minecraft:damage_blocked_by_shield":406,"minecraft:drop":38,"minecraft:talked_to_villager":2,"minecraft:deaths":11,"minecraft:sneak_time":3493,"minecraft:walk_under_water_one_cm":1476,"minecraft:jump":1125,"minecraft:walk_on_water_one_cm":5654,"minecraft:interact_with_furnace":17,"minecraft:traded_with_villager":1,"minecraft:play_one_minute":115865,"minecraft:sleep_in_bed":1,"minecraft:time_since_rest":3680,"minecraft:damage_taken":4564,"minecraft:damage_absorbed":69,"minecraft:damage_dealt":3324,"minecraft:swim_one_cm":3017,"minecraft:fly_one_cm":103867,"minecraft:player_kills":1,"minecraft:open_chest":39,"minecraft:crouch_one_cm":8123,"tombstone:undead_killed":4,"minecraft:fall_one_cm":31279}},"DataVersion":2586}